timestamp,agent,time_ms,reliability,score
2025-12-02T22:01:57,AI Genesis,18.0,1.0,555.38
2025-12-02T22:01:57,AI Evolutionist,15.26,0.975,639.13
2025-12-02T22:01:57,AI Hybridizer,10.995,0.986,896.68
2025-12-02T22:01:57,AI Replicator,14.165,0.98,691.68
2025-12-02T22:01:57,AI Mutator,23.099,0.985,426.42
2025-12-02T22:01:57,AI Breeder,15.728,0.983,624.69
2025-12-02T22:01:57,AI Hyper-Constructor,29.982,0.983,327.73
2025-12-02T22:01:57,AI Sandbox Engineer,28.116,0.972,345.78
2025-12-02T22:01:57,AI Neural Sculptor,21.283,0.981,460.96
2025-12-02T22:01:57,AI Time Architect,11.346,0.991,873.9
2025-12-02T22:01:57,AI Iteration Orchestrator,18.589,0.98,527.24
2025-12-02T22:01:57,AI Fault Isolator,14.907,0.986,661.52
2025-12-02T22:01:57,AI Hotfix Deployer,19.042,0.993,521.37
2025-12-02T22:01:57,AI Rollback Specialist,16.767,0.982,585.86
2025-12-02T22:01:57,AI State Auditor,26.041,0.973,373.63
2025-12-02T22:01:57,AI Log Whisperer,24.891,0.992,398.6
2025-12-02T22:01:57,AI Failure Cartographer,15.528,0.991,638.41
2025-12-02T22:01:57,AI Incident Scribe,21.05,0.985,468.12
2025-12-02T22:01:57,AI Metric Watcher,21.547,0.976,453.07
2025-12-02T22:01:57,AI SLA Guardian,12.381,0.978,789.79
2025-12-02T22:01:57,AI SRE Liaison,14.63,0.996,681.04
2025-12-02T22:01:57,AI Circuit Breaker,12.106,0.98,809.82
2025-12-02T22:01:57,AI Canary Runner,28.981,0.985,339.72
2025-12-02T22:01:57,AI Chaos Monkey,28.941,0.994,343.52
2025-12-02T22:01:57,AI Memory Curator,23.208,0.99,426.6
2025-12-02T22:01:57,AI Commit Steward,25.56,0.997,390.18
2025-12-02T22:01:57,AI Sync Sentinel,27.801,0.989,355.84
2025-12-02T22:01:57,AI Conflict Mediator,10.858,0.994,915.74
2025-12-02T22:01:57,AI Merge Referee,17.128,0.982,573.22
2025-12-02T22:01:57,AI LFS Wrangler,23.696,0.973,410.8
2025-12-02T22:01:57,AI Credential Smith,17.743,0.981,553.11
2025-12-02T22:01:57,AI Token Custodian,18.397,0.994,540.1
2025-12-02T22:01:57,AI Secret Keeper,20.698,0.993,479.76
2025-12-02T22:01:57,AI Vault Master,24.547,0.985,401.46
2025-12-02T22:01:57,AI Scheduler Wrangler,21.51,0.997,463.54
2025-12-02T22:01:57,AI Heartbeat Nurse,19.4,0.971,500.64
2025-12-02T22:01:57,AI Watchdog Tuner,18.993,0.994,523.12
2025-12-02T22:01:57,AI Health Reporter,14.919,0.994,666.45
2025-12-02T22:01:57,AI Telemetry Router,28.964,0.993,342.83
2025-12-02T22:01:57,AI Alert Harvester,21.024,0.999,475.36
2025-12-02T22:01:57,AI Quarantine Ops,26.018,0.979,376.16
2025-12-02T22:01:57,AI Sandbox Janitor,13.468,0.999,741.72
2025-12-02T22:01:57,AI Hygiene Officer,10.91,0.979,897.06
2025-12-02T22:01:57,AI Standards Librarian,11.968,0.971,811.07
2025-12-02T22:01:57,AI Drift Detector,18.346,0.974,530.75
2025-12-02T22:01:57,AI Change Diffuser,22.54,0.998,442.93
2025-12-02T22:01:57,AI Rollout Pilot,20.545,0.986,480.01
2025-12-02T22:01:57,AI Backout Pilot,20.56,0.985,479.14
2025-12-02T22:01:57,AI Docker Whisperer,25.726,0.989,384.41
2025-12-02T22:01:57,AI Container Surgeon,22.042,0.995,451.58
2025-12-02T22:01:57,AI K8s Navigator,27.889,0.976,349.81
2025-12-02T22:01:57,AI Env Cartographer,29.843,0.982,329.22
2025-12-02T22:01:57,AI Network Quarterback,24.11,0.995,412.73
2025-12-02T22:01:57,AI Zero-Downtime Coach,19.018,0.995,523.19
2025-12-02T22:01:57,AI Regression Tracker,28.412,0.983,345.84
2025-12-02T22:01:58,AI Genesis,12.77,0.992,776.92
2025-12-02T22:01:58,AI Evolutionist,26.476,0.992,374.52
2025-12-02T22:01:58,AI Hybridizer,16.996,0.973,572.64
2025-12-02T22:01:58,AI Replicator,23.914,0.971,406.12
2025-12-02T22:01:58,AI Mutator,10.979,0.988,899.74
2025-12-02T22:01:58,AI Breeder,19.627,0.975,496.74
2025-12-02T22:01:58,AI Hyper-Constructor,20.371,0.978,480.01
2025-12-02T22:01:58,AI Sandbox Engineer,27.904,0.992,355.57
2025-12-02T22:01:58,AI Neural Sculptor,10.936,0.998,912.45
2025-12-02T22:01:58,AI Time Architect,21.98,0.986,448.45
2025-12-02T22:01:58,AI Iteration Orchestrator,28.24,0.973,344.57
2025-12-02T22:01:58,AI Fault Isolator,28.518,0.983,344.64
2025-12-02T22:01:58,AI Hotfix Deployer,10.612,0.991,933.93
2025-12-02T22:01:58,AI Rollback Specialist,24.722,0.972,393.36
2025-12-02T22:01:58,AI State Auditor,17.751,0.998,561.97
2025-12-02T22:01:58,AI Log Whisperer,12.007,0.98,815.91
2025-12-02T22:01:58,AI Failure Cartographer,29.509,0.995,337.33
2025-12-02T22:01:58,AI Incident Scribe,22.879,0.98,428.22
2025-12-02T22:01:58,AI Metric Watcher,20.831,0.995,477.53
2025-12-02T22:01:58,AI SLA Guardian,19.375,0.995,513.43
2025-12-02T22:01:58,AI SRE Liaison,20.707,0.978,472.25
2025-12-02T22:01:58,AI Circuit Breaker,24.295,0.989,407.28
2025-12-02T22:01:58,AI Canary Runner,12.71,0.973,765.21
2025-12-02T22:01:58,AI Chaos Monkey,25.988,0.972,374.12
2025-12-02T22:01:58,AI Memory Curator,18.751,0.972,518.2
2025-12-02T22:01:58,AI Commit Steward,20.308,0.974,479.77
2025-12-02T22:01:58,AI Sync Sentinel,29.136,0.988,339.05
2025-12-02T22:01:58,AI Conflict Mediator,25.817,0.979,379.18
2025-12-02T22:01:58,AI Merge Referee,20.626,0.978,474.09
2025-12-02T22:01:58,AI LFS Wrangler,12.815,0.973,759.54
2025-12-02T22:01:58,AI Credential Smith,17.934,0.989,551.52
2025-12-02T22:01:58,AI Token Custodian,26.689,0.978,366.31
2025-12-02T22:01:58,AI Secret Keeper,28.258,0.999,353.55
2025-12-02T22:01:58,AI Vault Master,18.562,0.999,538.1
2025-12-02T22:01:58,AI Scheduler Wrangler,28.609,0.983,343.49
2025-12-02T22:01:58,AI Heartbeat Nurse,12.757,0.985,772.07
2025-12-02T22:01:58,AI Watchdog Tuner,18.482,0.983,531.93
2025-12-02T22:01:58,AI Health Reporter,13.443,0.974,724.74
2025-12-02T22:01:58,AI Telemetry Router,28.78,0.993,344.91
2025-12-02T22:01:58,AI Alert Harvester,20.601,0.998,484.31
2025-12-02T22:01:58,AI Quarantine Ops,20.85,0.983,471.48
2025-12-02T22:01:58,AI Sandbox Janitor,23.284,0.996,427.76
2025-12-02T22:01:58,AI Hygiene Officer,29.598,0.989,334.27
2025-12-02T22:01:58,AI Standards Librarian,13.718,0.995,725.47
2025-12-02T22:01:58,AI Drift Detector,11.672,0.977,836.69
2025-12-02T22:01:58,AI Change Diffuser,21.158,0.992,468.65
2025-12-02T22:01:58,AI Rollout Pilot,17.793,0.991,557.2
2025-12-02T22:01:58,AI Backout Pilot,10.181,0.98,963.07
2025-12-02T22:01:58,AI Docker Whisperer,19.968,0.992,496.71
2025-12-02T22:01:58,AI Container Surgeon,21.234,0.986,464.34
2025-12-02T22:01:58,AI K8s Navigator,14.524,0.997,686.35
2025-12-02T22:01:58,AI Env Cartographer,13.382,0.988,738.65
2025-12-02T22:01:58,AI Network Quarterback,17.026,0.985,578.49
2025-12-02T22:01:58,AI Zero-Downtime Coach,25.602,0.992,387.62
2025-12-02T22:01:58,AI Regression Tracker,18.7,0.997,533.33
2025-12-02T22:14:58,AI Genesis,16.479,0.976,592.26
2025-12-02T22:14:58,AI Evolutionist,16.733,0.975,582.96
2025-12-02T22:14:58,AI Hybridizer,17.907,0.973,543.54
2025-12-02T22:14:58,AI Replicator,13.462,0.978,726.68
2025-12-02T22:14:58,AI Mutator,24.054,0.985,409.34
2025-12-02T22:14:58,AI Breeder,20.36,0.973,477.91
2025-12-02T22:14:58,AI Hyper-Constructor,20.808,0.994,477.46
2025-12-02T22:14:58,AI Sandbox Engineer,29.324,0.972,331.36
2025-12-02T22:14:58,AI Neural Sculptor,20.007,0.984,491.68
2025-12-02T22:14:58,AI Time Architect,14.553,0.984,676.31
2025-12-02T22:14:58,AI Iteration Orchestrator,11.869,0.97,817.38
2025-12-02T22:14:58,AI Fault Isolator,24.002,0.988,411.53
2025-12-02T22:14:58,AI Hotfix Deployer,18.758,0.975,519.85
2025-12-02T22:14:58,AI Rollback Specialist,23.31,0.97,416.28
2025-12-02T22:14:58,AI State Auditor,27.773,0.993,357.68
2025-12-02T22:14:58,AI Log Whisperer,26.804,0.978,364.73
2025-12-02T22:14:58,AI Failure Cartographer,19.998,0.979,489.29
2025-12-02T22:14:58,AI Incident Scribe,10.578,0.991,937.32
2025-12-02T22:14:58,AI Metric Watcher,14.493,0.983,678.58
2025-12-02T22:14:58,AI SLA Guardian,19.049,0.98,514.36
2025-12-02T22:14:58,AI SRE Liaison,16.218,0.982,605.74
2025-12-02T22:14:58,AI Circuit Breaker,16.29,0.98,601.81
2025-12-02T22:14:58,AI Canary Runner,17.455,0.986,564.62
2025-12-02T22:14:58,AI Chaos Monkey,25.414,0.982,386.43
2025-12-02T22:14:58,AI Memory Curator,28.681,0.989,344.9
2025-12-02T22:14:58,AI Commit Steward,22.287,0.985,441.98
2025-12-02T22:14:58,AI Sync Sentinel,17.051,0.988,579.52
2025-12-02T22:14:58,AI Conflict Mediator,19.865,0.99,498.17
2025-12-02T22:14:58,AI Merge Referee,18.215,0.986,541.06
2025-12-02T22:14:58,AI LFS Wrangler,10.308,0.997,966.93
2025-12-02T22:14:58,AI Credential Smith,21.136,0.998,472.4
2025-12-02T22:14:58,AI Token Custodian,25.284,0.995,393.55
2025-12-02T22:14:58,AI Secret Keeper,12.155,0.994,817.56
2025-12-02T22:14:58,AI Vault Master,14.975,0.981,655.35
2025-12-02T22:14:58,AI Scheduler Wrangler,21.673,0.993,458.29
2025-12-02T22:14:58,AI Heartbeat Nurse,24.212,0.976,402.95
2025-12-02T22:14:58,AI Watchdog Tuner,16.77,0.983,585.98
2025-12-02T22:14:58,AI Health Reporter,21.86,0.983,449.57
2025-12-02T22:14:58,AI Telemetry Router,29.993,0.971,323.65
2025-12-02T22:14:58,AI Alert Harvester,29.111,0.972,334.0
2025-12-02T22:14:58,AI Quarantine Ops,22.651,0.996,439.63
2025-12-02T22:14:58,AI Sandbox Janitor,17.509,0.985,562.45
2025-12-02T22:14:58,AI Hygiene Officer,27.283,0.998,365.68
2025-12-02T22:14:58,AI Standards Librarian,28.657,0.991,345.85
2025-12-02T22:14:58,AI Drift Detector,12.776,0.975,763.01
2025-12-02T22:14:58,AI Change Diffuser,11.376,0.994,873.68
2025-12-02T22:14:58,AI Rollout Pilot,11.45,0.973,849.77
2025-12-02T22:14:58,AI Backout Pilot,28.562,0.98,342.96
2025-12-02T22:14:58,AI Docker Whisperer,13.656,0.98,717.29
2025-12-02T22:14:58,AI Container Surgeon,25.939,0.983,378.88
2025-12-02T22:14:58,AI K8s Navigator,18.299,0.994,543.21
2025-12-02T22:14:58,AI Env Cartographer,19.984,0.997,498.81
2025-12-02T22:14:58,AI Network Quarterback,29.93,0.992,331.49
2025-12-02T22:14:58,AI Zero-Downtime Coach,15.02,0.998,664.16
2025-12-02T22:14:58,AI Regression Tracker,24.91,0.987,396.31
2025-12-02T22:14:59,AI Genesis,27.533,0.975,354.02
2025-12-02T22:14:59,AI Evolutionist,23.479,0.988,420.88
2025-12-02T22:14:59,AI Hybridizer,15.957,0.985,617.38
2025-12-02T22:14:59,AI Replicator,19.221,0.977,508.15
2025-12-02T22:14:59,AI Mutator,27.278,0.973,356.65
2025-12-02T22:14:59,AI Breeder,21.935,0.981,447.18
2025-12-02T22:14:59,AI Hyper-Constructor,17.748,0.991,558.56
2025-12-02T22:14:59,AI Sandbox Engineer,27.432,0.99,360.94
2025-12-02T22:14:59,AI Neural Sculptor,15.441,0.989,640.43
2025-12-02T22:14:59,AI Time Architect,16.002,0.981,613.34
2025-12-02T22:14:59,AI Iteration Orchestrator,29.319,0.988,337.11
2025-12-02T22:14:59,AI Fault Isolator,25.049,0.97,387.43
2025-12-02T22:14:59,AI Hotfix Deployer,12.436,0.976,784.83
2025-12-02T22:14:59,AI Rollback Specialist,23.387,0.975,416.96
2025-12-02T22:14:59,AI State Auditor,12.413,1.0,805.44
2025-12-02T22:14:59,AI Log Whisperer,11.042,0.994,900.42
2025-12-02T22:14:59,AI Failure Cartographer,27.859,0.998,358.08
2025-12-02T22:14:59,AI Incident Scribe,21.384,0.973,455.08
2025-12-02T22:14:59,AI Metric Watcher,18.377,0.982,534.32
2025-12-02T22:14:59,AI SLA Guardian,15.148,0.999,659.37
2025-12-02T22:14:59,AI SRE Liaison,13.999,0.978,698.38
2025-12-02T22:14:59,AI Circuit Breaker,21.055,0.984,467.34
2025-12-02T22:14:59,AI Canary Runner,26.618,0.973,365.48
2025-12-02T22:14:59,AI Chaos Monkey,29.981,0.982,327.44
2025-12-02T22:14:59,AI Memory Curator,19.949,0.974,488.16
2025-12-02T22:14:59,AI Commit Steward,21.569,1.0,463.62
2025-12-02T22:14:59,AI Sync Sentinel,18.265,0.973,532.71
2025-12-02T22:14:59,AI Conflict Mediator,11.337,0.987,870.71
2025-12-02T22:14:59,AI Merge Referee,23.097,0.974,421.67
2025-12-02T22:14:59,AI LFS Wrangler,24.369,0.985,404.4
2025-12-02T22:14:59,AI Credential Smith,12.901,0.978,758.44
2025-12-02T22:14:59,AI Token Custodian,21.777,0.992,455.74
2025-12-02T22:14:59,AI Secret Keeper,25.813,0.972,376.45
2025-12-02T22:14:59,AI Vault Master,18.4,0.989,537.5
2025-12-02T22:14:59,AI Scheduler Wrangler,15.056,0.998,663.09
2025-12-02T22:14:59,AI Heartbeat Nurse,18.38,0.977,531.38
2025-12-02T22:14:59,AI Watchdog Tuner,18.78,0.997,530.98
2025-12-02T22:14:59,AI Health Reporter,18.225,0.985,540.71
2025-12-02T22:14:59,AI Telemetry Router,15.509,0.993,640.12
2025-12-02T22:14:59,AI Alert Harvester,19.468,0.982,504.22
2025-12-02T22:14:59,AI Quarantine Ops,20.88,0.995,476.44
2025-12-02T22:14:59,AI Sandbox Janitor,29.1,0.97,333.44
2025-12-02T22:14:59,AI Hygiene Officer,17.606,0.983,558.17
2025-12-02T22:14:59,AI Standards Librarian,28.169,0.989,351.2
2025-12-02T22:14:59,AI Drift Detector,24.094,0.988,409.97
2025-12-02T22:14:59,AI Change Diffuser,17.058,0.974,570.85
2025-12-02T22:14:59,AI Rollout Pilot,29.587,0.981,331.54
2025-12-02T22:14:59,AI Backout Pilot,25.731,0.998,387.98
2025-12-02T22:14:59,AI Docker Whisperer,13.218,0.998,754.73
2025-12-02T22:14:59,AI Container Surgeon,22.51,0.998,443.36
2025-12-02T22:14:59,AI K8s Navigator,20.934,0.979,467.56
2025-12-02T22:14:59,AI Env Cartographer,26.438,0.979,370.19
2025-12-02T22:14:59,AI Network Quarterback,23.04,0.981,425.84
2025-12-02T22:14:59,AI Zero-Downtime Coach,25.279,0.974,385.44
2025-12-02T22:14:59,AI Regression Tracker,25.233,0.982,389.25
2025-12-03T07:06:36,Agent_1,16.615,0.989,595.18
2025-12-03T07:06:36,Agent_2,21.708,0.994,458.03
2025-12-03T07:06:36,Agent_3,27.434,0.981,357.68
2025-12-03T07:06:36,Agent_4,28.105,0.98,348.61
2025-12-03T07:06:36,Agent_5,17.442,0.985,564.63
2025-12-03T07:06:36,Agent_6,11.437,0.998,872.67
2025-12-03T07:06:36,Agent_7,27.992,0.993,354.81
2025-12-03T07:06:36,Agent_8,15.953,0.99,620.43
2025-12-03T07:06:36,Agent_9,19.772,0.999,505.41
2025-12-03T07:06:36,Agent_10,25.988,0.999,384.23
2025-12-03T07:06:36,Agent_11,29.52,0.972,329.38
2025-12-03T07:06:36,Agent_12,17.028,0.971,570.48
2025-12-03T07:06:36,Agent_13,22.248,0.986,443.39
2025-12-03T07:06:36,Agent_14,27.013,0.987,365.25
2025-12-03T07:06:36,Agent_15,28.192,0.987,350.03
2025-12-03T07:06:36,Agent_16,14.493,0.972,670.31
2025-12-03T07:06:36,Agent_17,16.37,0.979,598.18
2025-12-03T07:06:36,Agent_18,24.808,0.976,393.31
2025-12-03T07:06:36,Agent_19,13.825,0.981,709.34
2025-12-03T07:06:36,Agent_20,16.196,0.979,604.31
2025-12-03T07:06:36,Agent_21,20.358,0.99,486.1
2025-12-03T07:06:36,Agent_22,18.74,0.992,529.21
2025-12-03T07:06:36,Agent_23,26.115,0.981,375.54
2025-12-03T07:06:36,Agent_24,24.948,0.997,399.72
2025-12-03T07:06:36,Agent_25,27.998,0.994,355.18
2025-12-03T07:06:36,Agent_26,21.828,0.971,444.78
2025-12-03T07:06:36,Agent_27,28.018,0.972,346.96
2025-12-03T07:06:36,Agent_28,27.064,0.996,367.91
2025-12-03T07:06:36,Agent_29,14.365,0.993,691.26
2025-12-03T07:06:36,Agent_30,27.494,0.988,359.18
2025-12-03T07:06:36,Agent_31,23.346,0.978,418.84
2025-12-03T07:06:36,Agent_32,14.116,0.986,698.49
2025-12-03T07:06:36,Agent_33,19.282,0.996,516.31
2025-12-03T07:06:36,Agent_34,14.976,0.979,653.98
2025-12-03T07:06:36,Agent_35,21.324,0.979,459.09
2025-12-03T07:06:36,Agent_36,15.654,0.972,620.68
2025-12-03T07:06:36,Agent_37,21.99,0.981,445.95
2025-12-03T07:06:36,Agent_38,10.787,0.97,899.56
2025-12-03T07:06:36,Agent_39,29.389,0.987,335.85
2025-12-03T07:06:36,Agent_40,13.69,0.972,709.87
2025-12-03T07:06:36,Agent_41,11.914,1.0,839.07
2025-12-03T07:06:36,Agent_42,17.656,0.974,551.7
2025-12-03T07:06:36,Agent_43,20.685,0.981,474.34
2025-12-03T07:06:36,Agent_44,26.574,0.972,365.66
2025-12-03T07:06:36,Agent_45,16.09,0.983,610.75
2025-12-03T07:06:36,Agent_46,20.073,0.979,487.87
2025-12-03T07:06:36,Agent_47,23.456,0.977,416.74
2025-12-03T07:06:36,Agent_48,25.348,0.975,384.68
2025-12-03T07:06:36,Agent_49,27.199,0.977,359.25
2025-12-03T07:06:36,Agent_50,16.758,0.971,579.4
2025-12-03T07:06:36,Agent_51,25.669,0.995,387.55
2025-12-03T07:06:36,Agent_52,17.483,0.974,556.99
2025-12-03T07:06:36,Agent_53,22.118,0.979,442.47
2025-12-03T07:06:36,Agent_54,27.9,0.998,357.55
2025-12-03T07:06:36,Agent_55,13.276,0.98,737.95
2025-12-03T07:06:38,Agent_1,26.817,0.976,363.88
2025-12-03T07:06:38,Agent_2,17.937,0.997,556.01
2025-12-03T07:06:38,Agent_3,24.417,0.979,400.82
2025-12-03T07:06:38,Agent_4,24.069,0.977,406.0
2025-12-03T07:06:38,Agent_5,20.981,0.994,473.57
2025-12-03T07:06:38,Agent_6,16.734,0.991,591.96
2025-12-03T07:06:38,Agent_7,29.735,0.97,326.38
2025-12-03T07:06:38,Agent_8,12.077,0.991,820.33
2025-12-03T07:06:38,Agent_9,24.155,0.974,403.2
2025-12-03T07:06:38,Agent_10,16.084,0.999,621.23
2025-12-03T07:06:38,Agent_11,24.257,0.988,407.48
2025-12-03T07:06:38,Agent_12,25.052,0.996,397.58
2025-12-03T07:06:38,Agent_13,13.159,0.97,737.15
2025-12-03T07:06:38,Agent_14,10.265,0.992,966.01
2025-12-03T07:06:38,Agent_15,26.626,0.982,368.8
2025-12-03T07:06:38,Agent_16,30.218,0.99,327.48
2025-12-03T07:06:38,Agent_17,27.309,0.995,364.43
2025-12-03T07:06:38,Agent_18,23.707,0.972,409.88
2025-12-03T07:06:38,Agent_19,18.938,0.983,518.99
2025-12-03T07:06:38,Agent_20,23.738,0.982,413.76
2025-12-03T07:06:38,Agent_21,14.898,0.989,663.61
2025-12-03T07:06:38,Agent_22,30.043,0.991,329.99
2025-12-03T07:06:38,Agent_23,23.265,0.972,417.68
2025-12-03T07:06:38,Agent_24,36.059,0.971,269.28
2025-12-03T07:06:38,Agent_25,26.551,0.979,368.81
2025-12-03T07:06:38,Agent_26,11.246,0.986,876.68
2025-12-03T07:06:38,Agent_27,21.145,0.984,465.22
2025-12-03T07:06:38,Agent_28,24.795,0.998,402.43
2025-12-03T07:06:38,Agent_29,13.3,0.973,731.89
2025-12-03T07:06:38,Agent_30,15.628,0.993,635.65
2025-12-03T07:06:38,Agent_31,10.537,0.982,931.9
2025-12-03T07:06:38,Agent_32,17.79,0.994,558.8
2025-12-03T07:06:38,Agent_33,11.595,0.975,840.51
2025-12-03T07:06:38,Agent_34,16.16,0.978,605.26
2025-12-03T07:06:38,Agent_35,18.505,0.985,532.54
2025-12-03T07:06:38,Agent_36,10.098,0.998,988.71
2025-12-03T07:06:38,Agent_37,26.543,0.988,372.05
2025-12-03T07:06:38,Agent_38,16.738,0.976,582.9
2025-12-03T07:06:38,Agent_39,26.084,0.98,375.78
2025-12-03T07:06:38,Agent_40,13.712,0.993,724.47
2025-12-03T07:06:38,Agent_41,20.2,0.985,487.84
2025-12-03T07:06:38,Agent_42,15.72,0.973,618.68
2025-12-03T07:06:38,Agent_43,15.729,0.988,627.97
2025-12-03T07:06:38,Agent_44,27.336,0.98,358.43
2025-12-03T07:06:38,Agent_45,16.763,0.988,589.13
2025-12-03T07:06:38,Agent_46,27.867,0.987,354.02
2025-12-03T07:06:38,Agent_47,11.54,0.992,859.47
2025-12-03T07:06:38,Agent_48,11.465,0.985,858.95
2025-12-03T07:06:38,Agent_49,19.146,0.996,520.01
2025-12-03T07:06:38,Agent_50,24.326,0.985,404.95
2025-12-03T07:06:38,Agent_51,15.327,0.971,633.23
2025-12-03T07:06:38,Agent_52,27.482,0.978,356.03
2025-12-03T07:06:38,Agent_53,28.414,0.982,345.75
2025-12-03T07:06:38,Agent_54,18.361,0.982,534.83
2025-12-03T07:06:38,Agent_55,11.516,0.991,860.54
2025-12-04T07:06:25,Agent_1,11.679,0.977,836.39
2025-12-04T07:06:25,Agent_2,13.518,0.979,724.53
2025-12-04T07:06:25,Agent_3,16.521,0.996,603.03
2025-12-04T07:06:25,Agent_4,21.494,0.984,457.98
2025-12-04T07:06:25,Agent_5,29.119,0.981,336.94
2025-12-04T07:06:25,Agent_6,26.524,0.983,370.61
2025-12-04T07:06:25,Agent_7,14.633,0.991,677.4
2025-12-04T07:06:25,Agent_8,26.302,0.979,372.03
2025-12-04T07:06:25,Agent_9,12.08,0.989,818.83
2025-12-04T07:06:25,Agent_10,27.487,0.991,360.69
2025-12-04T07:06:25,Agent_11,16.747,0.991,591.59
2025-12-04T07:06:25,Agent_12,27.686,0.975,352.09
2025-12-04T07:06:25,Agent_13,23.055,0.984,426.66
2025-12-04T07:06:25,Agent_14,25.676,0.992,386.25
2025-12-04T07:06:25,Agent_15,27.219,0.975,358.03
2025-12-04T07:06:25,Agent_16,23.207,0.983,423.39
2025-12-04T07:06:25,Agent_17,12.264,0.978,797.08
2025-12-04T07:06:25,Agent_18,22.184,0.996,449.08
2025-12-04T07:06:25,Agent_19,17.601,0.975,553.87
2025-12-04T07:06:25,Agent_20,20.007,0.999,499.23
2025-12-04T07:06:25,Agent_21,13.943,0.973,697.6
2025-12-04T07:06:25,Agent_22,23.295,0.984,422.51
2025-12-04T07:06:25,Agent_23,12.986,0.984,757.48
2025-12-04T07:06:25,Agent_24,17.012,0.978,574.76
2025-12-04T07:06:25,Agent_25,15.888,0.993,624.69
2025-12-04T07:06:25,Agent_26,21.896,0.972,443.7
2025-12-04T07:06:25,Agent_27,14.524,0.975,671.04
2025-12-04T07:06:25,Agent_28,15.984,0.975,609.87
2025-12-04T07:06:25,Agent_29,24.032,0.999,415.76
2025-12-04T07:06:25,Agent_30,16.151,0.994,615.35
2025-12-04T07:06:25,Agent_31,14.237,0.997,700.28
2025-12-04T07:06:25,Agent_32,29.423,0.991,336.89
2025-12-04T07:06:25,Agent_33,18.924,0.987,521.57
2025-12-04T07:06:25,Agent_34,15.286,0.991,648.05
2025-12-04T07:06:25,Agent_35,20.124,0.982,488.11
2025-12-04T07:06:25,Agent_36,26.281,0.977,371.75
2025-12-04T07:06:25,Agent_37,13.843,0.992,716.78
2025-12-04T07:06:25,Agent_38,23.629,0.99,419.08
2025-12-04T07:06:25,Agent_39,26.439,0.992,375.18
2025-12-04T07:06:25,Agent_40,28.162,0.981,348.3
2025-12-04T07:06:25,Agent_41,23.877,0.99,414.46
2025-12-04T07:06:25,Agent_42,27.998,0.989,353.26
2025-12-04T07:06:25,Agent_43,15.737,0.995,632.46
2025-12-04T07:06:25,Agent_44,29.948,0.992,331.08
2025-12-04T07:06:25,Agent_45,18.182,0.979,538.37
2025-12-04T07:06:25,Agent_46,10.956,0.977,892.14
2025-12-04T07:06:25,Agent_47,23.467,0.992,422.75
2025-12-04T07:06:25,Agent_48,13.499,0.982,727.42
2025-12-04T07:06:25,Agent_49,11.136,0.98,880.12
2025-12-04T07:06:25,Agent_50,18.746,0.998,532.16
2025-12-04T07:06:25,Agent_51,12.226,0.999,817.26
2025-12-04T07:06:25,Agent_52,27.549,0.978,354.98
2025-12-04T07:06:25,Agent_53,21.297,0.984,462.21
2025-12-04T07:06:25,Agent_54,17.026,0.992,582.61
2025-12-04T07:06:25,Agent_55,21.493,0.994,462.61
2025-12-04T07:06:26,Agent_1,25.863,0.995,384.54
2025-12-04T07:06:26,Agent_2,21.75,0.99,455.17
2025-12-04T07:06:26,Agent_3,28.277,0.974,344.58
2025-12-04T07:06:26,Agent_4,16.028,0.999,623.04
2025-12-04T07:06:26,Agent_5,18.943,0.971,512.33
2025-12-04T07:06:26,Agent_6,24.507,0.974,397.42
2025-12-04T07:06:26,Agent_7,27.228,0.975,358.07
2025-12-04T07:06:26,Agent_8,16.613,0.997,599.96
2025-12-04T07:06:26,Agent_9,25.355,0.983,387.76
2025-12-04T07:06:26,Agent_10,14.607,0.982,672.12
2025-12-04T07:06:26,Agent_11,14.079,0.981,696.86
2025-12-04T07:06:26,Agent_12,12.217,0.981,803.2
2025-12-04T07:06:26,Agent_13,27.168,0.994,365.79
2025-12-04T07:06:26,Agent_14,24.064,0.974,404.86
2025-12-04T07:06:26,Agent_15,16.987,0.995,585.97
2025-12-04T07:06:26,Agent_16,13.38,0.973,726.99
2025-12-04T07:06:26,Agent_17,10.218,0.985,964.08
2025-12-04T07:06:26,Agent_18,22.732,0.972,427.77
2025-12-04T07:06:26,Agent_19,31.337,0.971,309.83
2025-12-04T07:06:26,Agent_20,13.201,0.996,754.29
2025-12-04T07:06:26,Agent_21,10.842,0.997,919.45
2025-12-04T07:06:26,Agent_22,12.651,0.97,766.91
2025-12-04T07:06:26,Agent_23,10.104,0.998,988.02
2025-12-04T07:06:26,Agent_24,15.094,0.971,643.56
2025-12-04T07:06:26,Agent_25,40.986,0.975,237.78
2025-12-04T07:06:26,Agent_26,28.895,0.976,337.7
2025-12-04T07:06:26,Agent_27,34.065,0.996,292.24
2025-12-04T07:06:26,Agent_28,21.673,0.987,455.45
2025-12-04T07:06:26,Agent_29,22.795,0.979,429.43
2025-12-04T07:06:26,Agent_30,15.783,0.983,622.89
2025-12-04T07:06:26,Agent_31,22.365,0.994,444.25
2025-12-04T07:06:26,Agent_32,29.704,0.996,335.43
2025-12-04T07:06:26,Agent_33,14.331,0.97,677.02
2025-12-04T07:06:26,Agent_34,26.177,0.977,373.18
2025-12-04T07:06:26,Agent_35,22.117,0.996,450.45
2025-12-04T07:06:26,Agent_36,25.512,0.997,390.67
2025-12-04T07:06:26,Agent_37,21.665,0.987,455.63
2025-12-04T07:06:26,Agent_38,30.697,0.994,323.83
2025-12-04T07:06:26,Agent_39,24.687,0.973,394.04
2025-12-04T07:06:26,Agent_40,21.883,0.998,455.86
2025-12-04T07:06:26,Agent_41,27.007,0.991,367.12
2025-12-04T07:06:26,Agent_42,21.406,0.999,466.61
2025-12-04T07:06:26,Agent_43,21.341,0.994,465.63
2025-12-04T07:06:26,Agent_44,29.727,0.995,334.71
2025-12-04T07:06:26,Agent_45,13.637,0.983,720.95
2025-12-04T07:06:26,Agent_46,12.708,0.973,765.54
2025-12-04T07:06:26,Agent_47,12.215,0.982,803.81
2025-12-04T07:06:26,Agent_48,26.832,0.982,365.87
2025-12-04T07:06:26,Agent_49,13.821,0.988,714.9
2025-12-04T07:06:26,Agent_50,10.8,0.976,904.11
2025-12-04T07:06:26,Agent_51,25.725,0.984,382.65
2025-12-04T07:06:26,Agent_52,23.237,0.99,425.94
2025-12-04T07:06:26,Agent_53,14.863,0.98,659.31
2025-12-04T07:06:26,Agent_54,23.1,0.978,423.23
2025-12-04T07:06:26,Agent_55,16.503,0.987,598.25
2025-12-05T07:06:26,Agent_1,14.832,0.973,656.14
2025-12-05T07:06:26,Agent_2,11.923,0.98,821.63
2025-12-05T07:06:26,Agent_3,29.152,0.974,334.06
2025-12-05T07:06:26,Agent_4,20.875,0.974,466.79
2025-12-05T07:06:26,Agent_5,14.588,0.982,673.31
2025-12-05T07:06:26,Agent_6,11.459,0.986,860.24
2025-12-05T07:06:26,Agent_7,22.789,0.988,433.71
2025-12-05T07:06:26,Agent_8,14.497,0.972,670.18
2025-12-05T07:06:26,Agent_9,20.171,0.973,482.57
2025-12-05T07:06:26,Agent_10,21.051,0.987,468.72
2025-12-05T07:06:26,Agent_11,27.278,0.975,357.59
2025-12-05T07:06:26,Agent_12,11.697,0.976,834.02
2025-12-05T07:06:26,Agent_13,21.784,0.988,453.47
2025-12-05T07:06:26,Agent_14,27.394,0.975,355.97
2025-12-05T07:06:26,Agent_15,10.764,0.982,912.68
2025-12-05T07:06:26,Agent_16,23.055,0.993,430.73
2025-12-05T07:06:26,Agent_17,14.942,0.976,653.53
2025-12-05T07:06:26,Agent_18,14.941,0.981,656.44
2025-12-05T07:06:26,Agent_19,25.254,0.986,390.39
2025-12-05T07:06:26,Agent_20,19.544,0.996,509.45
2025-12-05T07:06:26,Agent_21,22.656,0.987,435.43
2025-12-05T07:06:26,Agent_22,19.704,0.991,502.79
2025-12-05T07:06:26,Agent_23,24.503,0.984,401.62
2025-12-05T07:06:26,Agent_24,19.073,0.996,522.0
2025-12-05T07:06:26,Agent_25,21.419,0.994,463.96
2025-12-05T07:06:26,Agent_26,24.654,0.977,396.36
2025-12-05T07:06:26,Agent_27,11.813,0.983,831.85
2025-12-05T07:06:26,Agent_28,15.601,0.998,639.46
2025-12-05T07:06:26,Agent_29,21.138,0.993,469.54
2025-12-05T07:06:26,Agent_30,19.691,0.985,500.23
2025-12-05T07:06:26,Agent_31,15.089,0.993,658.18
2025-12-05T07:06:26,Agent_32,12.186,0.997,818.43
2025-12-05T07:06:26,Agent_33,19.896,0.971,488.22
2025-12-05T07:06:26,Agent_34,14.7,0.995,676.76
2025-12-05T07:06:26,Agent_35,27.223,0.992,364.27
2025-12-05T07:06:26,Agent_36,14.716,0.99,672.77
2025-12-05T07:06:26,Agent_37,20.935,0.993,474.44
2025-12-05T07:06:26,Agent_38,21.327,0.997,467.39
2025-12-05T07:06:26,Agent_39,18.475,0.988,534.76
2025-12-05T07:06:26,Agent_40,26.482,0.993,374.83
2025-12-05T07:06:26,Agent_41,24.712,0.986,398.87
2025-12-05T07:06:26,Agent_42,12.661,0.989,780.77
2025-12-05T07:06:26,Agent_43,21.362,0.996,466.4
2025-12-05T07:06:26,Agent_44,13.301,0.991,744.85
2025-12-05T07:06:26,Agent_45,17.136,0.999,583.16
2025-12-05T07:06:26,Agent_46,20.01,0.986,492.73
2025-12-05T07:06:26,Agent_47,25.909,0.994,383.81
2025-12-05T07:06:26,Agent_48,24.514,0.971,396.27
2025-12-05T07:06:26,Agent_49,20.855,0.994,476.57
2025-12-05T07:06:26,Agent_50,16.063,0.977,608.38
2025-12-05T07:06:26,Agent_51,17.458,0.974,558.01
2025-12-05T07:06:26,Agent_52,12.956,0.976,753.17
2025-12-05T07:06:26,Agent_53,25.972,0.976,375.61
2025-12-05T07:06:26,Agent_54,26.867,0.976,363.36
2025-12-05T07:06:26,Agent_55,11.308,0.978,864.87
2025-12-05T07:06:27,Agent_1,12.675,0.989,780.38
2025-12-05T07:06:27,Agent_2,15.687,0.973,620.09
2025-12-05T07:06:27,Agent_3,14.692,0.991,674.18
2025-12-05T07:06:27,Agent_4,22.116,0.988,446.72
2025-12-05T07:06:27,Agent_5,21.845,0.985,450.7
2025-12-05T07:06:27,Agent_6,22.279,0.98,439.84
2025-12-05T07:06:27,Agent_7,28.212,0.984,348.87
2025-12-05T07:06:27,Agent_8,17.991,0.978,543.42
2025-12-05T07:06:27,Agent_9,17.055,0.994,583.11
2025-12-05T07:06:27,Agent_10,25.456,0.975,383.2
2025-12-05T07:06:27,Agent_11,17.538,0.988,563.36
2025-12-05T07:06:27,Agent_12,28.976,0.976,336.91
2025-12-05T07:06:27,Agent_13,12.827,0.973,758.74
2025-12-05T07:06:27,Agent_14,25.682,0.994,386.87
2025-12-05T07:06:27,Agent_15,21.113,0.994,470.83
2025-12-05T07:06:27,Agent_16,27.202,0.98,360.38
2025-12-05T07:06:27,Agent_17,13.033,0.987,757.66
2025-12-05T07:06:27,Agent_18,25.164,0.991,393.92
2025-12-05T07:06:27,Agent_19,15.361,0.991,644.99
2025-12-05T07:06:27,Agent_20,25.665,0.998,388.7
2025-12-05T07:06:27,Agent_21,24.805,0.982,395.9
2025-12-05T07:06:27,Agent_22,25.859,0.988,382.04
2025-12-05T07:06:27,Agent_23,29.851,0.971,325.37
2025-12-05T07:06:27,Agent_24,15.382,0.995,646.94
2025-12-05T07:06:27,Agent_25,20.382,0.993,487.17
2025-12-05T07:06:27,Agent_26,21.797,0.99,454.32
2025-12-05T07:06:27,Agent_27,17.493,0.994,568.28
2025-12-05T07:06:27,Agent_28,24.478,0.989,403.84
2025-12-05T07:06:27,Agent_29,27.312,0.996,364.72
2025-12-05T07:06:27,Agent_30,14.119,0.976,691.52
2025-12-05T07:06:27,Agent_31,24.698,0.973,393.95
2025-12-05T07:06:27,Agent_32,24.6,0.997,405.4
2025-12-05T07:06:27,Agent_33,14.791,0.983,664.68
2025-12-05T07:06:27,Agent_34,19.654,0.993,505.25
2025-12-05T07:06:27,Agent_35,11.802,0.977,828.12
2025-12-05T07:06:27,Agent_36,13.948,0.982,704.22
2025-12-05T07:06:27,Agent_37,15.837,0.982,619.91
2025-12-05T07:06:27,Agent_38,22.308,0.984,441.05
2025-12-05T07:06:27,Agent_39,16.048,0.982,611.78
2025-12-05T07:06:27,Agent_40,12.818,0.973,758.86
2025-12-05T07:06:27,Agent_41,18.469,0.992,537.33
2025-12-05T07:06:27,Agent_42,29.028,0.997,343.47
2025-12-05T07:06:27,Agent_43,17.873,0.97,542.92
2025-12-05T07:06:27,Agent_44,17.037,0.973,571.1
2025-12-05T07:06:27,Agent_45,11.83,0.989,836.24
2025-12-05T07:06:27,Agent_46,13.305,0.982,738.16
2025-12-05T07:06:27,Agent_47,26.869,0.978,363.84
2025-12-05T07:06:27,Agent_48,28.108,0.974,346.38
2025-12-05T07:06:27,Agent_49,15.36,0.996,648.16
2025-12-05T07:06:27,Agent_50,16.995,0.99,582.75
2025-12-05T07:06:27,Agent_51,19.538,0.979,500.88
2025-12-05T07:06:27,Agent_52,18.256,0.979,536.25
2025-12-05T07:06:27,Agent_53,14.583,0.977,669.78
2025-12-05T07:06:27,Agent_54,11.332,0.975,860.26
2025-12-05T07:06:27,Agent_55,13.115,0.989,754.41
2025-12-06T07:06:24,Agent_1,14.047,0.987,702.51
2025-12-06T07:06:24,Agent_2,29.359,0.997,339.46
2025-12-06T07:06:24,Agent_3,16.022,0.985,614.5
2025-12-06T07:06:24,Agent_4,10.802,0.986,912.8
2025-12-06T07:06:24,Agent_5,19.177,0.985,513.4
2025-12-06T07:06:24,Agent_6,13.73,0.998,726.89
2025-12-06T07:06:24,Agent_7,28.022,0.973,347.21
2025-12-06T07:06:24,Agent_8,10.793,0.982,909.46
2025-12-06T07:06:24,Agent_9,23.307,0.987,423.56
2025-12-06T07:06:24,Agent_10,10.894,0.978,898.11
2025-12-06T07:06:24,Agent_11,11.365,0.984,865.45
2025-12-06T07:06:24,Agent_12,22.63,0.995,439.75
2025-12-06T07:06:24,Agent_13,11.437,0.979,856.14
2025-12-06T07:06:24,Agent_14,26.171,0.997,380.76
2025-12-06T07:06:24,Agent_15,21.108,0.983,465.59
2025-12-06T07:06:24,Agent_16,28.225,0.97,343.72
2025-12-06T07:06:24,Agent_17,17.354,0.99,570.43
2025-12-06T07:06:24,Agent_18,17.971,0.98,545.58
2025-12-06T07:06:24,Agent_19,12.674,0.987,778.52
2025-12-06T07:06:24,Agent_20,13.043,0.972,745.53
2025-12-06T07:06:24,Agent_21,11.751,0.976,831.01
2025-12-06T07:06:24,Agent_22,13.041,0.984,754.64
2025-12-06T07:06:24,Agent_23,29.037,0.971,334.42
2025-12-06T07:06:24,Agent_24,24.546,0.997,406.18
2025-12-06T07:06:24,Agent_25,19.905,0.976,490.52
2025-12-06T07:06:24,Agent_26,20.308,0.978,481.66
2025-12-06T07:06:24,Agent_27,21.654,0.973,449.3
2025-12-06T07:06:24,Agent_28,23.219,0.992,427.19
2025-12-06T07:06:24,Agent_29,23.342,0.972,416.45
2025-12-06T07:06:24,Agent_30,17.46,0.999,572.05
2025-12-06T07:06:24,Agent_31,14.476,0.99,683.84
2025-12-06T07:06:24,Agent_32,23.846,0.985,413.05
2025-12-06T07:06:24,Agent_33,11.703,0.979,836.66
2025-12-06T07:06:24,Agent_34,20.546,0.987,480.37
2025-12-06T07:06:24,Agent_35,10.618,0.992,933.79
2025-12-06T07:06:24,Agent_36,16.58,0.987,595.49
2025-12-06T07:06:24,Agent_37,17.139,0.978,570.78
2025-12-06T07:06:24,Agent_38,28.446,0.992,348.6
2025-12-06T07:06:24,Agent_39,16.673,0.983,589.75
2025-12-06T07:06:24,Agent_40,19.691,0.992,503.53
2025-12-06T07:06:24,Agent_41,29.991,0.974,324.73
2025-12-06T07:06:24,Agent_42,23.845,0.979,410.73
2025-12-06T07:06:24,Agent_43,19.061,0.971,509.49
2025-12-06T07:06:24,Agent_44,25.723,0.985,382.76
2025-12-06T07:06:24,Agent_45,12.027,0.988,821.24
2025-12-06T07:06:24,Agent_46,14.372,0.999,695.11
2025-12-06T07:06:24,Agent_47,27.182,0.973,357.94
2025-12-06T07:06:24,Agent_48,21.554,0.995,461.47
2025-12-06T07:06:24,Agent_49,26.985,0.999,370.18
2025-12-06T07:06:24,Agent_50,14.128,0.987,698.29
2025-12-06T07:06:24,Agent_51,24.828,0.973,392.0
2025-12-06T07:06:24,Agent_52,18.058,0.975,540.1
2025-12-06T07:06:24,Agent_53,13.418,0.977,727.9
2025-12-06T07:06:24,Agent_54,11.161,0.978,876.08
2025-12-06T07:06:24,Agent_55,26.301,0.98,372.47
2025-12-06T07:06:25,Agent_1,29.121,0.999,342.9
2025-12-06T07:06:25,Agent_2,19.184,0.997,519.68
2025-12-06T07:06:25,Agent_3,25.395,0.986,388.35
2025-12-06T07:06:25,Agent_4,21.39,0.989,462.22
2025-12-06T07:06:25,Agent_5,25.715,0.97,377.31
2025-12-06T07:06:25,Agent_6,14.856,0.988,665.22
2025-12-06T07:06:25,Agent_7,16.798,0.978,582.14
2025-12-06T07:06:25,Agent_8,28.874,0.997,345.43
2025-12-06T07:06:25,Agent_9,26.502,0.973,367.26
2025-12-06T07:06:25,Agent_10,23.859,0.973,407.77
2025-12-06T07:06:25,Agent_11,27.447,0.993,361.72
2025-12-06T07:06:25,Agent_12,20.722,0.995,480.05
2025-12-06T07:06:25,Agent_13,10.132,0.999,985.98
2025-12-06T07:06:25,Agent_14,18.006,0.989,549.4
2025-12-06T07:06:25,Agent_15,17.391,0.994,571.62
2025-12-06T07:06:25,Agent_16,30.037,0.99,329.62
2025-12-06T07:06:25,Agent_17,24.527,0.999,407.38
2025-12-06T07:06:25,Agent_18,27.885,0.98,351.54
2025-12-06T07:06:25,Agent_19,17.845,0.976,547.06
2025-12-06T07:06:25,Agent_20,24.811,0.997,401.72
2025-12-06T07:06:25,Agent_21,20.436,0.98,479.32
2025-12-06T07:06:25,Agent_22,17.57,0.988,562.35
2025-12-06T07:06:25,Agent_23,13.979,0.975,697.26
2025-12-06T07:06:25,Agent_24,20.172,0.978,484.83
2025-12-06T07:06:25,Agent_25,24.689,0.992,401.98
2025-12-06T07:06:25,Agent_26,17.517,0.995,567.84
2025-12-06T07:06:25,Agent_27,26.954,0.983,364.75
2025-12-06T07:06:25,Agent_28,27.988,0.977,348.92
2025-12-06T07:06:25,Agent_29,20.865,0.987,473.03
2025-12-06T07:06:25,Agent_30,15.13,0.981,648.56
2025-12-06T07:06:25,Agent_31,10.865,0.995,915.65
2025-12-06T07:06:25,Agent_32,17.168,0.989,575.88
2025-12-06T07:06:25,Agent_33,21.974,0.991,451.02
2025-12-06T07:06:25,Agent_34,20.73,0.973,469.54
2025-12-06T07:06:25,Agent_35,13.582,0.999,735.83
2025-12-06T07:06:25,Agent_36,23.562,0.97,411.77
2025-12-06T07:06:25,Agent_37,29.597,0.993,335.64
2025-12-06T07:06:25,Agent_38,12.007,0.97,808.1
2025-12-06T07:06:25,Agent_39,25.896,0.999,385.86
2025-12-06T07:06:25,Agent_40,10.288,0.99,962.29
2025-12-06T07:06:25,Agent_41,26.84,0.996,371.07
2025-12-06T07:06:25,Agent_42,28.403,0.977,344.02
2025-12-06T07:06:25,Agent_43,21.632,0.98,452.89
2025-12-06T07:06:25,Agent_44,20.23,0.983,485.66
2025-12-06T07:06:25,Agent_45,17.237,0.988,573.16
2025-12-06T07:06:25,Agent_46,25.04,0.992,396.22
2025-12-06T07:06:25,Agent_47,13.768,0.976,709.23
2025-12-06T07:06:25,Agent_48,29.255,0.991,338.89
2025-12-06T07:06:25,Agent_49,29.396,0.972,330.5
2025-12-06T07:06:25,Agent_50,16.806,1.0,595.01
2025-12-06T07:06:25,Agent_51,29.227,0.984,336.53
2025-12-06T07:06:25,Agent_52,18.543,0.984,530.52
2025-12-06T07:06:25,Agent_53,24.567,0.998,406.2
2025-12-06T07:06:25,Agent_54,23.582,0.984,417.26
2025-12-06T07:06:25,Agent_55,22.273,0.997,447.49
2025-12-07T07:06:34,Agent_1,11.337,0.977,861.42
2025-12-07T07:06:34,Agent_2,20.705,0.998,482.24
2025-12-07T07:06:34,Agent_3,10.17,0.976,960.0
2025-12-07T07:06:34,Agent_4,16.745,0.997,595.6
2025-12-07T07:06:34,Agent_5,24.326,0.988,406.3
2025-12-07T07:06:34,Agent_6,27.372,0.987,360.43
2025-12-07T07:06:34,Agent_7,25.875,0.997,385.49
2025-12-07T07:06:34,Agent_8,13.452,0.985,732.61
2025-12-07T07:06:34,Agent_9,17.756,0.995,560.19
2025-12-07T07:06:34,Agent_10,16.681,0.998,598.49
2025-12-07T07:06:34,Agent_11,29.628,0.992,334.83
2025-12-07T07:06:34,Agent_12,29.342,0.972,331.43
2025-12-07T07:06:34,Agent_13,23.188,0.978,421.8
2025-12-07T07:06:34,Agent_14,18.61,0.992,532.88
2025-12-07T07:06:34,Agent_15,25.002,0.998,398.97
2025-12-07T07:06:34,Agent_16,14.268,0.993,696.23
2025-12-07T07:06:34,Agent_17,10.219,0.976,954.76
2025-12-07T07:06:34,Agent_18,25.712,1.0,388.74
2025-12-07T07:06:34,Agent_19,11.06,0.997,901.49
2025-12-07T07:06:34,Agent_20,21.398,0.976,456.09
2025-12-07T07:06:34,Agent_21,12.666,0.971,766.6
2025-12-07T07:06:34,Agent_22,20.079,0.994,494.95
2025-12-07T07:06:34,Agent_23,12.062,0.992,822.74
2025-12-07T07:06:34,Agent_24,15.775,0.979,620.92
2025-12-07T07:06:34,Agent_25,21.836,0.998,457.15
2025-12-07T07:06:34,Agent_26,21.29,0.978,459.47
2025-12-07T07:06:34,Agent_27,27.719,0.971,350.26
2025-12-07T07:06:34,Agent_28,14.814,0.998,673.77
2025-12-07T07:06:34,Agent_29,13.354,0.98,733.77
2025-12-07T07:06:34,Agent_30,29.461,0.985,334.21
2025-12-07T07:06:34,Agent_31,25.156,0.994,395.03
2025-12-07T07:06:34,Agent_32,15.843,0.981,619.37
2025-12-07T07:06:34,Agent_33,29.458,0.999,339.06
2025-12-07T07:06:34,Agent_34,13.57,0.979,721.49
2025-12-07T07:06:34,Agent_35,15.518,0.996,641.74
2025-12-07T07:06:34,Agent_36,19.283,0.996,516.77
2025-12-07T07:06:34,Agent_37,24.758,0.972,392.74
2025-12-07T07:06:34,Agent_38,14.714,0.973,661.22
2025-12-07T07:06:34,Agent_39,14.885,0.988,663.6
2025-12-07T07:06:34,Agent_40,12.921,0.972,752.6
2025-12-07T07:06:34,Agent_41,23.619,0.993,420.44
2025-12-07T07:06:34,Agent_42,21.484,0.989,460.16
2025-12-07T07:06:34,Agent_43,16.956,0.992,585.04
2025-12-07T07:06:34,Agent_44,25.528,0.975,381.87
2025-12-07T07:06:34,Agent_45,26.139,0.999,382.04
2025-12-07T07:06:34,Agent_46,20.857,0.978,468.8
2025-12-07T07:06:34,Agent_47,24.545,0.993,404.51
2025-12-07T07:06:34,Agent_48,21.406,0.983,459.03
2025-12-07T07:06:34,Agent_49,25.135,0.985,391.9
2025-12-07T07:06:34,Agent_50,26.464,0.97,366.59
2025-12-07T07:06:34,Agent_51,14.884,0.993,666.97
2025-12-07T07:06:34,Agent_52,27.642,0.98,354.42
2025-12-07T07:06:34,Agent_53,10.627,0.98,922.21
2025-12-07T07:06:34,Agent_54,18.179,0.997,548.29
2025-12-07T07:06:34,Agent_55,20.835,0.99,475.05
2025-12-07T07:06:36,Agent_1,18.495,0.999,540.28
2025-12-07T07:06:36,Agent_2,22.873,0.974,426.04
2025-12-07T07:06:36,Agent_3,30.032,0.999,332.7
2025-12-07T07:06:36,Agent_4,29.318,0.971,331.14
2025-12-07T07:06:36,Agent_5,28.201,0.979,347.14
2025-12-07T07:06:36,Agent_6,26.179,0.991,378.44
2025-12-07T07:06:36,Agent_7,15.333,0.977,637.25
2025-12-07T07:06:36,Agent_8,11.668,0.996,853.84
2025-12-07T07:06:36,Agent_9,12.78,0.988,773.17
2025-12-07T07:06:36,Agent_10,25.4,0.996,392.28
2025-12-07T07:06:36,Agent_11,29.609,0.98,331.04
2025-12-07T07:06:36,Agent_12,14.699,0.992,675.09
2025-12-07T07:06:36,Agent_13,18.561,0.991,533.94
2025-12-07T07:06:36,Agent_14,25.39,0.998,393.1
2025-12-07T07:06:36,Agent_15,29.39,0.978,332.75
2025-12-07T07:06:36,Agent_16,10.181,0.977,959.65
2025-12-07T07:06:36,Agent_17,22.575,0.996,441.22
2025-12-07T07:06:36,Agent_18,29.35,0.982,334.41
2025-12-07T07:06:36,Agent_19,24.455,0.973,397.87
2025-12-07T07:06:36,Agent_20,26.33,0.98,372.3
2025-12-07T07:06:36,Agent_21,18.201,0.985,541.08
2025-12-07T07:06:36,Agent_22,23.594,0.992,420.32
2025-12-07T07:06:36,Agent_23,15.396,0.98,636.55
2025-12-07T07:06:36,Agent_24,15.3,0.974,636.77
2025-12-07T07:06:36,Agent_25,16.78,0.975,581.14
2025-12-07T07:06:36,Agent_26,26.913,0.977,363.15
2025-12-07T07:06:36,Agent_27,19.53,0.981,502.12
2025-12-07T07:06:36,Agent_28,18.498,0.987,533.47
2025-12-07T07:06:36,Agent_29,20.087,0.986,490.71
2025-12-07T07:06:36,Agent_30,22.221,0.995,447.83
2025-12-07T07:06:36,Agent_31,14.555,0.98,673.18
2025-12-07T07:06:36,Agent_32,28.369,0.974,343.2
2025-12-07T07:06:36,Agent_33,19.616,0.999,509.41
2025-12-07T07:06:36,Agent_34,19.516,0.99,507.07
2025-12-07T07:06:36,Agent_35,27.263,0.997,365.88
2025-12-07T07:06:36,Agent_36,29.652,0.979,330.23
2025-12-07T07:06:36,Agent_37,13.382,0.994,742.75
2025-12-07T07:06:36,Agent_38,17.35,0.98,564.64
2025-12-07T07:06:36,Agent_39,26.706,0.981,367.2
2025-12-07T07:06:36,Agent_40,11.716,0.976,833.27
2025-12-07T07:06:36,Agent_41,28.379,0.97,341.95
2025-12-07T07:06:36,Agent_42,26.358,0.972,368.66
2025-12-07T07:06:36,Agent_43,29.024,0.992,341.75
2025-12-07T07:06:36,Agent_44,20.62,0.999,484.3
2025-12-07T07:06:36,Agent_45,27.946,0.976,349.07
2025-12-07T07:06:36,Agent_46,20.379,0.977,479.46
2025-12-07T07:06:36,Agent_47,27.736,0.988,356.17
2025-12-07T07:06:36,Agent_48,20.764,0.98,472.05
2025-12-07T07:06:36,Agent_49,20.771,0.991,477.06
2025-12-07T07:06:36,Agent_50,16.737,0.971,580.02
2025-12-07T07:06:36,Agent_51,19.906,0.978,491.45
2025-12-07T07:06:36,Agent_52,29.547,0.989,334.76
2025-12-07T07:06:36,Agent_53,25.337,0.975,384.68
2025-12-07T07:06:36,Agent_54,29.742,0.999,335.8
2025-12-07T07:06:36,Agent_55,22.802,0.976,427.87
2025-12-08T07:06:09,Agent_1,23.086,0.981,424.75
2025-12-08T07:06:09,Agent_2,28.171,0.994,352.73
2025-12-08T07:06:09,Agent_3,15.86,0.99,624.0
2025-12-08T07:06:09,Agent_4,27.106,0.981,361.78
2025-12-08T07:06:09,Agent_5,16.975,0.993,584.91
2025-12-08T07:06:09,Agent_6,14.158,0.981,693.11
2025-12-08T07:06:09,Agent_7,28.386,0.981,345.62
2025-12-08T07:06:09,Agent_8,26.947,0.988,366.75
2025-12-08T07:06:09,Agent_9,13.409,0.988,736.75
2025-12-08T07:06:09,Agent_10,22.933,0.983,428.52
2025-12-08T07:06:09,Agent_11,14.681,0.977,665.58
2025-12-08T07:06:09,Agent_12,12.007,0.98,816.01
2025-12-08T07:06:09,Agent_13,25.832,0.971,375.95
2025-12-08T07:06:09,Agent_14,24.688,0.985,398.97
2025-12-08T07:06:09,Agent_15,25.442,0.986,387.61
2025-12-08T07:06:09,Agent_16,27.724,0.976,352.01
2025-12-08T07:06:09,Agent_17,22.586,0.983,435.11
2025-12-08T07:06:09,Agent_18,25.364,0.99,390.37
2025-12-08T07:06:09,Agent_19,10.388,0.995,958.32
2025-12-08T07:06:09,Agent_20,21.384,0.993,464.33
2025-12-08T07:06:09,Agent_21,24.339,0.98,402.78
2025-12-08T07:06:09,Agent_22,25.122,0.991,394.55
2025-12-08T07:06:09,Agent_23,18.313,0.972,530.91
2025-12-08T07:06:09,Agent_24,25.742,0.994,386.11
2025-12-08T07:06:09,Agent_25,27.126,0.976,359.87
2025-12-08T07:06:09,Agent_26,15.734,0.977,620.68
2025-12-08T07:06:09,Agent_27,18.942,0.999,527.38
2025-12-08T07:06:09,Agent_28,25.314,0.986,389.41
2025-12-08T07:06:09,Agent_29,14.742,0.978,663.48
2025-12-08T07:06:09,Agent_30,23.678,0.991,418.48
2025-12-08T07:06:09,Agent_31,15.963,0.983,615.82
2025-12-08T07:06:09,Agent_32,17.209,0.999,580.43
2025-12-08T07:06:09,Agent_33,29.384,0.978,332.73
2025-12-08T07:06:09,Agent_34,19.268,0.973,504.8
2025-12-08T07:06:09,Agent_35,23.12,0.972,420.34
2025-12-08T07:06:09,Agent_36,14.63,0.971,663.62
2025-12-08T07:06:09,Agent_37,21.479,0.986,459.06
2025-12-08T07:06:09,Agent_38,22.699,0.984,433.57
2025-12-08T07:06:09,Agent_39,12.672,0.99,780.93
2025-12-08T07:06:09,Agent_40,11.861,0.991,835.31
2025-12-08T07:06:09,Agent_41,15.831,0.973,614.56
2025-12-08T07:06:09,Agent_42,19.313,0.98,507.63
2025-12-08T07:06:09,Agent_43,15.073,0.988,655.18
2025-12-08T07:06:09,Agent_44,15.977,0.989,619.31
2025-12-08T07:06:09,Agent_45,27.835,0.982,352.65
2025-12-08T07:06:09,Agent_46,19.285,0.985,510.58
2025-12-08T07:06:09,Agent_47,11.078,0.972,877.08
2025-12-08T07:06:09,Agent_48,21.469,0.989,460.7
2025-12-08T07:06:09,Agent_49,16.358,0.989,604.48
2025-12-08T07:06:09,Agent_50,26.805,0.998,372.35
2025-12-08T07:06:09,Agent_51,28.169,0.994,352.87
2025-12-08T07:06:09,Agent_52,27.576,1.0,362.61
2025-12-08T07:06:09,Agent_53,21.548,0.972,451.22
2025-12-08T07:06:09,Agent_54,24.446,0.991,405.26
2025-12-08T07:06:09,Agent_55,22.776,0.979,429.94
2025-12-08T07:06:11,Agent_1,16.511,0.995,602.89
2025-12-08T07:06:11,Agent_2,23.641,0.985,416.81
2025-12-08T07:06:11,Agent_3,23.579,0.998,423.24
2025-12-08T07:06:11,Agent_4,18.631,0.982,527.21
2025-12-08T07:06:11,Agent_5,23.383,0.984,420.71
2025-12-08T07:06:11,Agent_6,16.084,0.978,607.79
2025-12-08T07:06:11,Agent_7,25.098,0.998,397.78
2025-12-08T07:06:11,Agent_8,25.89,0.978,377.66
2025-12-08T07:06:11,Agent_9,12.3,0.991,805.94
2025-12-08T07:06:11,Agent_10,13.716,0.985,718.46
2025-12-08T07:06:11,Agent_11,10.511,0.994,945.35
2025-12-08T07:06:11,Agent_12,26.705,0.998,373.71
2025-12-08T07:06:11,Agent_13,24.106,0.994,412.46
2025-12-08T07:06:11,Agent_14,21.874,0.973,444.88
2025-12-08T07:06:11,Agent_15,29.504,0.973,329.92
2025-12-08T07:06:11,Agent_16,15.291,0.985,644.29
2025-12-08T07:06:11,Agent_17,18.603,0.975,524.19
2025-12-08T07:06:11,Agent_18,16.613,0.986,593.69
2025-12-08T07:06:11,Agent_19,29.987,0.979,326.38
2025-12-08T07:06:11,Agent_20,15.419,0.985,638.79
2025-12-08T07:06:11,Agent_21,29.536,0.999,338.34
2025-12-08T07:06:11,Agent_22,20.238,0.989,488.51
2025-12-08T07:06:11,Agent_23,17.046,0.989,579.99
2025-12-08T07:06:11,Agent_24,17.948,0.991,552.21
2025-12-08T07:06:11,Agent_25,18.662,0.979,524.35
2025-12-08T07:06:11,Agent_26,17.486,0.985,563.15
2025-12-08T07:06:11,Agent_27,24.415,0.993,406.81
2025-12-08T07:06:11,Agent_28,16.015,0.995,621.49
2025-12-08T07:06:11,Agent_29,20.113,0.979,486.91
2025-12-08T07:06:11,Agent_30,15.669,0.98,625.2
2025-12-08T07:06:11,Agent_31,14.105,0.978,693.7
2025-12-08T07:06:11,Agent_32,18.404,0.984,534.67
2025-12-08T07:06:11,Agent_33,11.972,0.971,811.09
2025-12-08T07:06:11,Agent_34,20.079,0.98,487.94
2025-12-08T07:06:11,Agent_35,16.713,0.971,580.81
2025-12-08T07:06:11,Agent_36,19.502,0.972,498.31
2025-12-08T07:06:11,Agent_37,20.96,0.992,473.41
2025-12-08T07:06:11,Agent_38,22.626,0.977,431.6
2025-12-08T07:06:11,Agent_39,22.851,0.996,435.86
2025-12-08T07:06:11,Agent_40,29.481,0.984,333.89
2025-12-08T07:06:11,Agent_41,17.426,0.98,562.45
2025-12-08T07:06:11,Agent_42,31.771,0.976,307.11
2025-12-08T07:06:11,Agent_43,21.98,0.991,450.69
2025-12-08T07:06:11,Agent_44,27.241,0.99,363.43
2025-12-08T07:06:11,Agent_45,14.851,0.979,659.48
2025-12-08T07:06:11,Agent_46,28.863,0.975,337.88
2025-12-08T07:06:11,Agent_47,23.972,0.972,405.51
2025-12-08T07:06:11,Agent_48,10.1,0.987,977.68
2025-12-08T07:06:11,Agent_49,15.543,0.988,635.53
2025-12-08T07:06:11,Agent_50,12.914,0.983,761.06
2025-12-08T07:06:11,Agent_51,24.999,0.984,393.81
2025-12-08T07:06:11,Agent_52,13.214,0.979,741.16
2025-12-08T07:06:11,Agent_53,16.245,0.983,605.04
2025-12-08T07:06:11,Agent_54,29.711,0.975,328.22
2025-12-08T07:06:11,Agent_55,19.252,0.988,513.15
2025-12-09T07:06:21,Agent_1,20.39,0.975,477.94
2025-12-09T07:06:21,Agent_2,27.754,0.988,355.89
2025-12-09T07:06:21,Agent_3,29.662,0.987,332.91
2025-12-09T07:06:21,Agent_4,15.065,0.975,647.01
2025-12-09T07:06:21,Agent_5,16.864,0.994,589.66
2025-12-09T07:06:21,Agent_6,20.704,0.987,476.63
2025-12-09T07:06:21,Agent_7,13.266,0.99,746.56
2025-12-09T07:06:21,Agent_8,17.667,0.989,559.97
2025-12-09T07:06:21,Agent_9,29.599,0.988,333.82
2025-12-09T07:06:21,Agent_10,18.962,0.991,522.77
2025-12-09T07:06:21,Agent_11,20.855,0.973,466.51
2025-12-09T07:06:21,Agent_12,14.514,0.991,682.95
2025-12-09T07:06:21,Agent_13,27.246,0.981,359.95
2025-12-09T07:06:21,Agent_14,28.149,0.983,349.05
2025-12-09T07:06:21,Agent_15,26.101,0.997,381.89
2025-12-09T07:06:21,Agent_16,21.317,0.989,464.19
2025-12-09T07:06:21,Agent_17,15.069,0.974,646.66
2025-12-09T07:06:21,Agent_18,12.811,0.978,763.69
2025-12-09T07:06:21,Agent_19,10.182,0.974,956.52
2025-12-09T07:06:21,Agent_20,12.386,0.978,789.23
2025-12-09T07:06:21,Agent_21,10.881,0.971,892.05
2025-12-09T07:06:21,Agent_22,13.469,0.978,726.07
2025-12-09T07:06:21,Agent_23,13.305,0.978,735.09
2025-12-09T07:06:21,Agent_24,12.695,0.972,765.36
2025-12-09T07:06:21,Agent_25,27.04,0.997,368.73
2025-12-09T07:06:21,Agent_26,16.714,0.976,583.77
2025-12-09T07:06:21,Agent_27,17.212,0.981,569.8
2025-12-09T07:06:21,Agent_28,22.01,0.979,444.87
2025-12-09T07:06:21,Agent_29,26.181,0.977,373.05
2025-12-09T07:06:21,Agent_30,27.004,0.992,367.51
2025-12-09T07:06:21,Agent_31,21.896,0.998,455.74
2025-12-09T07:06:21,Agent_32,25.373,0.995,392.34
2025-12-09T07:06:21,Agent_33,16.16,0.974,602.5
2025-12-09T07:06:21,Agent_34,14.653,0.977,666.79
2025-12-09T07:06:21,Agent_35,24.772,0.991,399.9
2025-12-09T07:06:21,Agent_36,19.414,0.985,507.37
2025-12-09T07:06:21,Agent_37,16.18,0.998,616.92
2025-12-09T07:06:21,Agent_38,24.775,0.996,402.18
2025-12-09T07:06:21,Agent_39,21.661,0.996,459.94
2025-12-09T07:06:21,Agent_40,19.223,0.999,519.9
2025-12-09T07:06:21,Agent_41,26.778,0.977,364.93
2025-12-09T07:06:21,Agent_42,15.851,0.971,612.31
2025-12-09T07:06:21,Agent_43,24.53,0.993,404.72
2025-12-09T07:06:21,Agent_44,14.731,0.984,668.19
2025-12-09T07:06:21,Agent_45,16.353,0.972,594.4
2025-12-09T07:06:21,Agent_46,22.129,0.976,441.09
2025-12-09T07:06:21,Agent_47,16.831,0.975,579.58
2025-12-09T07:06:21,Agent_48,20.494,0.991,483.59
2025-12-09T07:06:21,Agent_49,35.225,0.996,282.75
2025-12-09T07:06:21,Agent_50,20.853,0.973,466.62
2025-12-09T07:06:21,Agent_51,29.977,0.975,325.15
2025-12-09T07:06:21,Agent_52,29.046,0.99,340.99
2025-12-09T07:06:21,Agent_53,23.904,0.987,413.11
2025-12-09T07:06:21,Agent_54,29.978,0.994,331.66
2025-12-09T07:06:21,Agent_55,27.483,0.979,356.32
2025-12-09T07:06:22,Agent_1,25.301,0.986,389.64
2025-12-09T07:06:22,Agent_2,14.418,1.0,693.3
2025-12-09T07:06:22,Agent_3,13.327,0.999,749.72
2025-12-09T07:06:22,Agent_4,12.023,0.978,813.81
2025-12-09T07:06:22,Agent_5,22.157,0.976,440.53
2025-12-09T07:06:22,Agent_6,12.468,0.984,789.39
2025-12-09T07:06:22,Agent_7,24.044,0.998,414.91
2025-12-09T07:06:22,Agent_8,28.339,0.973,343.33
2025-12-09T07:06:22,Agent_9,24.955,0.977,391.65
2025-12-09T07:06:22,Agent_10,27.901,0.973,348.83
2025-12-09T07:06:22,Agent_11,10.561,0.992,939.0
2025-12-09T07:06:22,Agent_12,20.091,0.988,491.81
2025-12-09T07:06:22,Agent_13,27.707,0.999,360.43
2025-12-09T07:06:22,Agent_14,20.124,0.979,486.43
2025-12-09T07:06:22,Agent_15,11.245,0.995,884.65
2025-12-09T07:06:22,Agent_16,18.915,0.986,521.37
2025-12-09T07:06:22,Agent_17,18.538,0.999,539.01
2025-12-09T07:06:22,Agent_18,26.339,0.978,371.22
2025-12-09T07:06:22,Agent_19,18.596,0.981,527.77
2025-12-09T07:06:22,Agent_20,28.87,0.983,340.47
2025-12-09T07:06:22,Agent_21,23.566,0.985,417.79
2025-12-09T07:06:22,Agent_22,22.182,1.0,450.73
2025-12-09T07:06:22,Agent_23,11.73,0.981,836.28
2025-12-09T07:06:22,Agent_24,20.633,0.972,471.09
2025-12-09T07:06:22,Agent_25,17.328,0.995,574.33
2025-12-09T07:06:22,Agent_26,17.572,0.984,560.08
2025-12-09T07:06:22,Agent_27,19.266,0.999,518.37
2025-12-09T07:06:22,Agent_28,15.785,0.985,623.73
2025-12-09T07:06:22,Agent_29,16.712,0.986,590.13
2025-12-09T07:06:22,Agent_30,15.584,0.996,639.15
2025-12-09T07:06:22,Agent_31,28.44,0.99,348.04
2025-12-09T07:06:22,Agent_32,28.723,0.972,338.51
2025-12-09T07:06:22,Agent_33,19.581,0.976,498.25
2025-12-09T07:06:22,Agent_34,27.127,0.978,360.39
2025-12-09T07:06:22,Agent_35,16.06,0.982,611.28
2025-12-09T07:06:22,Agent_36,18.747,0.973,519.0
2025-12-09T07:06:22,Agent_37,25.277,0.989,391.22
2025-12-09T07:06:22,Agent_38,19.646,0.975,496.52
2025-12-09T07:06:22,Agent_39,10.474,0.987,942.09
2025-12-09T07:06:22,Agent_40,13.603,0.977,718.45
2025-12-09T07:06:22,Agent_41,17.252,0.99,573.71
2025-12-09T07:06:22,Agent_42,10.327,0.982,950.56
2025-12-09T07:06:22,Agent_43,24.12,0.999,414.14
2025-12-09T07:06:22,Agent_44,16.36,0.981,599.34
2025-12-09T07:06:22,Agent_45,29.779,0.974,327.13
2025-12-09T07:06:22,Agent_46,22.443,0.996,443.9
2025-12-09T07:06:22,Agent_47,30.033,0.977,325.14
2025-12-09T07:06:22,Agent_48,10.397,0.971,933.86
2025-12-09T07:06:22,Agent_49,30.075,0.992,329.78
2025-12-09T07:06:22,Agent_50,19.702,0.977,495.66
2025-12-09T07:06:22,Agent_51,22.876,0.979,428.14
2025-12-09T07:06:22,Agent_52,11.334,0.981,865.31
2025-12-09T07:06:22,Agent_53,22.446,0.998,444.5
2025-12-09T07:06:22,Agent_54,17.378,0.972,559.35
2025-12-09T07:06:22,Agent_55,11.755,0.994,845.42
2025-12-10T07:05:51,Agent_1,13.699,0.999,729.5
2025-12-10T07:05:51,Agent_2,10.118,0.976,964.91
2025-12-10T07:05:51,Agent_3,17.513,0.988,564.36
2025-12-10T07:05:51,Agent_4,26.526,0.999,376.44
2025-12-10T07:05:51,Agent_5,19.397,0.991,510.94
2025-12-10T07:05:51,Agent_6,14.332,0.977,681.55
2025-12-10T07:05:51,Agent_7,16.542,0.973,587.95
2025-12-10T07:05:51,Agent_8,11.834,0.999,844.25
2025-12-10T07:05:51,Agent_9,30.276,0.999,329.8
2025-12-10T07:05:51,Agent_10,28.799,0.987,342.66
2025-12-10T07:05:51,Agent_11,27.41,0.993,362.27
2025-12-10T07:05:51,Agent_12,22.631,0.997,440.55
2025-12-10T07:05:51,Agent_13,25.56,0.993,388.34
2025-12-10T07:05:51,Agent_14,26.42,0.986,373.37
2025-12-10T07:05:51,Agent_15,26.137,0.978,374.1
2025-12-10T07:05:51,Agent_16,15.182,0.99,652.27
2025-12-10T07:05:51,Agent_17,18.016,0.991,550.31
2025-12-10T07:05:51,Agent_18,29.95,0.982,327.79
2025-12-10T07:05:51,Agent_19,20.02,0.999,499.04
2025-12-10T07:05:51,Agent_20,26.2,0.994,379.39
2025-12-10T07:05:51,Agent_21,18.548,0.987,532.15
2025-12-10T07:05:51,Agent_22,11.068,0.991,895.33
2025-12-10T07:05:51,Agent_23,26.975,0.992,367.71
2025-12-10T07:05:51,Agent_24,26.037,0.98,376.53
2025-12-10T07:05:51,Agent_25,18.915,0.982,519.15
2025-12-10T07:05:51,Agent_26,22.807,0.991,434.65
2025-12-10T07:05:51,Agent_27,23.173,0.989,426.82
2025-12-10T07:05:51,Agent_28,22.33,0.993,444.8
2025-12-10T07:05:51,Agent_29,16.523,0.977,591.55
2025-12-10T07:05:51,Agent_30,24.151,0.98,405.66
2025-12-10T07:05:51,Agent_31,12.073,0.972,805.17
2025-12-10T07:05:51,Agent_32,15.948,0.994,623.38
2025-12-10T07:05:51,Agent_33,20.012,0.98,489.95
2025-12-10T07:05:51,Agent_34,23.809,0.974,409.08
2025-12-10T07:05:51,Agent_35,27.426,0.992,361.74
2025-12-10T07:05:51,Agent_36,19.321,0.994,514.51
2025-12-10T07:05:51,Agent_37,16.322,0.997,610.88
2025-12-10T07:05:51,Agent_38,13.755,0.991,720.62
2025-12-10T07:05:51,Agent_39,11.945,0.996,833.69
2025-12-10T07:05:51,Agent_40,23.331,0.985,421.98
2025-12-10T07:05:51,Agent_41,28.365,0.998,351.67
2025-12-10T07:05:51,Agent_42,11.336,0.981,865.61
2025-12-10T07:05:51,Agent_43,24.858,0.995,400.4
2025-12-10T07:05:51,Agent_44,26.493,0.994,375.16
2025-12-10T07:05:51,Agent_45,21.19,0.986,465.45
2025-12-10T07:05:51,Agent_46,21.893,0.972,443.83
2025-12-10T07:05:51,Agent_47,22.372,0.999,446.59
2025-12-10T07:05:51,Agent_48,13.548,0.973,717.99
2025-12-10T07:05:51,Agent_49,26.797,0.976,364.19
2025-12-10T07:05:51,Agent_50,10.9,0.989,907.05
2025-12-10T07:05:51,Agent_51,15.323,0.991,646.45
2025-12-10T07:05:51,Agent_52,32.223,1.0,310.33
2025-12-10T07:05:51,Agent_53,20.215,0.989,489.4
2025-12-10T07:05:51,Agent_54,20.974,0.99,472.14
2025-12-10T07:05:51,Agent_55,26.324,0.995,377.88
2025-12-10T07:05:52,Agent_1,24.617,0.987,400.82
2025-12-10T07:05:52,Agent_2,23.864,0.984,412.38
2025-12-10T07:05:52,Agent_3,25.008,0.992,396.69
2025-12-10T07:05:52,Agent_4,20.594,0.971,471.68
2025-12-10T07:05:52,Agent_5,28.567,0.986,345.25
2025-12-10T07:05:52,Agent_6,22.677,0.991,437.15
2025-12-10T07:05:52,Agent_7,23.256,0.97,417.16
2025-12-10T07:05:52,Agent_8,16.155,0.983,608.3
2025-12-10T07:05:52,Agent_9,23.546,0.981,416.76
2025-12-10T07:05:52,Agent_10,26.519,0.985,371.29
2025-12-10T07:05:52,Agent_11,11.044,0.997,902.94
2025-12-10T07:05:52,Agent_12,26.726,0.998,373.28
2025-12-10T07:05:52,Agent_13,22.558,0.984,436.18
2025-12-10T07:05:52,Agent_14,18.897,0.994,526.08
2025-12-10T07:05:52,Agent_15,17.695,0.976,551.54
2025-12-10T07:05:52,Agent_16,10.308,0.994,964.42
2025-12-10T07:05:52,Agent_17,26.116,0.977,374.12
2025-12-10T07:05:52,Agent_18,18.67,0.987,528.9
2025-12-10T07:05:52,Agent_19,12.537,0.991,790.67
2025-12-10T07:05:52,Agent_20,10.974,0.974,887.17
2025-12-10T07:05:52,Agent_21,24.99,0.997,399.16
2025-12-10T07:05:52,Agent_22,23.171,0.98,422.73
2025-12-10T07:05:52,Agent_23,26.912,0.994,369.28
2025-12-10T07:05:52,Agent_24,21.406,0.974,454.95
2025-12-10T07:05:52,Agent_25,27.35,0.996,364.05
2025-12-10T07:05:52,Agent_26,27.243,0.986,362.06
2025-12-10T07:05:52,Agent_27,16.306,0.979,600.19
2025-12-10T07:05:52,Agent_28,16.771,0.987,588.23
2025-12-10T07:05:52,Agent_29,13.276,0.989,745.35
2025-12-10T07:05:52,Agent_30,14.511,0.972,669.89
2025-12-10T07:05:52,Agent_31,19.239,0.997,518.27
2025-12-10T07:05:52,Agent_32,29.735,0.977,328.51
2025-12-10T07:05:52,Agent_33,28.273,0.989,349.85
2025-12-10T07:05:52,Agent_34,21.927,0.978,445.97
2025-12-10T07:05:52,Agent_35,15.264,0.987,646.4
2025-12-10T07:05:52,Agent_36,24.616,0.986,400.57
2025-12-10T07:05:52,Agent_37,13.41,0.991,738.69
2025-12-10T07:05:52,Agent_38,22.893,0.998,435.92
2025-12-10T07:05:52,Agent_39,22.002,0.979,445.04
2025-12-10T07:05:52,Agent_40,15.13,0.998,659.76
2025-12-10T07:05:52,Agent_41,19.766,0.994,502.91
2025-12-10T07:05:52,Agent_42,24.717,0.997,403.49
2025-12-10T07:05:52,Agent_43,25.922,0.974,375.57
2025-12-10T07:05:52,Agent_44,11.408,0.993,870.02
2025-12-10T07:05:52,Agent_45,17.819,0.986,553.48
2025-12-10T07:05:52,Agent_46,10.577,0.989,935.34
2025-12-10T07:05:52,Agent_47,11.779,0.998,847.41
2025-12-10T07:05:52,Agent_48,13.031,0.973,747.04
2025-12-10T07:05:52,Agent_49,12.363,0.986,797.31
2025-12-10T07:05:52,Agent_50,28.363,0.995,350.78
2025-12-10T07:05:52,Agent_51,22.207,0.998,449.38
2025-12-10T07:05:52,Agent_52,27.271,0.971,356.11
2025-12-10T07:05:52,Agent_53,26.884,0.993,369.39
2025-12-10T07:05:52,Agent_54,12.137,0.988,813.75
2025-12-10T07:05:52,Agent_55,24.101,0.983,407.9
